﻿<?xml version="1.0" encoding="utf-8"?>
<Level>
  <Basic>
    <levelId>
    </levelId>
    <levelName>新冠咳嗽消一诊</levelName>
    <isGuideMode>false</isGuideMode>
  </Basic>
  <Font>
    <path>
    </path>
    <size>
    </size>
  </Font>
  <Patient>
    <Id>
    </Id>
    <Name>司留</Name>
    <Sex>男</Sex>
    <Age>15</Age>
    <Image>
    </Image>
    <Animation>
    </Animation>
  </Patient>
  <Peer>
    <Num>0</Num>
    <Id> null</Id>
    <Image>
    </Image>
    <Animation>
    </Animation>
  </Peer>
  <Doctor>
    <Id>
    </Id>
    <Name>燕步榆</Name>
    <Image>
    </Image>
    <Animation>
    </Animation>
  </Doctor>
  <Dialog>
    <d>2咳咳咳咳咳咳！</d>
    <d>1啊，最近外面一直闹肺炎，司留你难道...</d>
    <d>2（默默戴上口罩）</d>
  </Dialog>
  <EndDialog>
    <d>1（仔细分析）司留年轻，身体良好，正气充足。这次的干咳、发热、舌淡、苔微黄腻、脉滑等，主要是风邪犯肺的表现。</d>
    <d>1可惜杏村买不到宣肺止嗽合剂，不然直接冲泡，多方便。</d>
    <d>；</d>
    <d>1司留，你别怕...</d>
    <d>2咳咳，怕啥？老爹说，甲骨文《卜辞》中就有“疫年”的记录了。步榆哥你瞧，从文字出现起，瘟疫就没赢过我们——</d>
    <d>2这次也不会例外的！（目光坚毅）</d>
    <d>1欧。</d>
    <d>1emmm...其实我是想说，你别怕黄泉路上没人做伴，我早晚会把花化华烧给你。</d>
    <d>2咳咳咳咳咳咳。&lt;竖子！&gt;</d>
    <d>0……</d>
    <d>0服药后，司留胃口好转，咳嗽减少，但还有少许粘痰。</d>
  </EndDialog>
</Level>